{
  "frame_of_reference": "anchor marker (tabletop); positions map world -> anchor",
  "units": "meters",
  "instance_count": 29,
  "blobs": [
    {
      "id": 0,
      "position_xyz": [
        0.5069987165796511,
        -0.26435075728498636,
        -0.031150103682956305
      ],
      "aabb_extent_xyz": [
        0.017883265665420534,
        0.0312809981916804,
        0.04965251861589298
      ],
      "volume_m3": 1.2767987679523088e-05,
      "material": "metal",
      "material_confidence": 0.6970552653074265,
      "unit_type": "discrete",
      "shape": "brick",
      "estimated_count": 1,
      "shape_fit_error": 0.44140053902086507,
      "num_views_used": 2,
      "instances": [
        {
          "shape": "brick",
          "position_xyz": [
            0.5089873732391405,
            -0.26463696262223313,
            0.01
          ],
          "yaw_deg": 54.746497033427325
        }
      ]
    },
    {
      "id": 1,
      "position_xyz": [
        0.09675217882339017,
        -0.0731387491005269,
        -0.041177041528474775
      ],
      "aabb_extent_xyz": [
        0.050153518267994704,
        0.05121237302940145,
        0.015128089325447125
      ],
      "volume_m3": 9.571997144049488e-05,
      "material": "metal",
      "material_confidence": 0.9947625199953715,
      "unit_type": "discrete",
      "shape": "brick",
      "estimated_count": 2,
      "shape_fit_error": 0.1877487505216502,
      "num_views_used": 3,
      "instances": [
        {
          "shape": "brick",
          "position_xyz": [
            0.09247123010837198,
            -0.08189481440169494,
            0.03
          ],
          "yaw_deg": -18.7628013198815
        },
        {
          "shape": "brick",
          "position_xyz": [
            0.09890425061464393,
            -0.06295764863788844,
            0.03
          ],
          "yaw_deg": -18.7628013198815
        }
      ]
    },
    {
      "id": 2,
      "position_xyz": [
        0.12536460747808043,
        -0.24076076278670955,
        -0.02486085662635463
      ],
      "aabb_extent_xyz": [
        0.0811872534339218,
        0.1518079171785433,
        0.032622008547649795
      ],
      "volume_m3": 0.00020350932536152602,
      "material": "metal",
      "material_confidence": 0.9996549685796102,
      "unit_type": "discrete",
      "shape": "i_beam",
      "estimated_count": 3,
      "shape_fit_error": 0.37427546255113686,
      "num_views_used": 3,
      "instances": [
        {
          "shape": "i_beam",
          "position_xyz": [
            0.13446078815575122,
            -0.24922219292881986,
            0.01
          ],
          "yaw_deg": 70.89757576082225
        },
        {
          "shape": "i_beam",
          "position_xyz": [
            0.11556208682755645,
            -0.24267703532126833,
            0.01
          ],
          "yaw_deg": 70.89757576082225
        },
        {
          "shape": "i_beam",
          "position_xyz": [
            0.1296831500941657,
            -0.24480543137712182,
            0.03
          ],
          "yaw_deg": 74.88196369293297
        }
      ]
    },
    {
      "id": 3,
      "position_xyz": [
        0.2707629174201222,
        -0.05718867293794301,
        -0.021435784065471093
      ],
      "aabb_extent_xyz": [
        0.14670566413182756,
        0.1350660060437998,
        0.037112171946523775
      ],
      "volume_m3": 0.000350938555693851,
      "material": "gravel",
      "material_confidence": 0.992061197757721,
      "unit_type": "bulk",
      "shape": null,
      "estimated_count": null,
      "shape_fit_error": null,
      "num_views_used": 3,
      "instances": []
    },
    {
      "id": 4,
      "position_xyz": [
        0.4539383519709207,
        -0.1024854229675332,
        -0.041293275078851194
      ],
      "aabb_extent_xyz": [
        0.12324629879466781,
        0.11575131692727758,
        0.04416722886444713
      ],
      "volume_m3": 0.00046497987723361113,
      "material": "metal",
      "material_confidence": 0.7631435394287109,
      "unit_type": "discrete",
      "shape": "brick",
      "estimated_count": 12,
      "shape_fit_error": 0.3428696289704831,
      "num_views_used": 3,
      "instances": [
        {
          "shape": "brick",
          "position_xyz": [
            0.41437515487509907,
            -0.12810437198642027,
            0.03
          ],
          "yaw_deg": -3.993966557205786
        },
        {
          "shape": "brick",
          "position_xyz": [
            0.4542780104881269,
            -0.1308904290435988,
            0.03
          ],
          "yaw_deg": -3.993966557205786
        },
        {
          "shape": "brick",
          "position_xyz": [
            0.4941808661011547,
            -0.13367648610077734,
            0.03
          ],
          "yaw_deg": -3.993966557205786
        },
        {
          "shape": "brick",
          "position_xyz": [
            0.4157681834036884,
            -0.10815294417990635,
            0.03
          ],
          "yaw_deg": -3.993966557205786
        },
        {
          "shape": "brick",
          "position_xyz": [
            0.4556710390167162,
            -0.11093900123708489,
            0.03
          ],
          "yaw_deg": -3.993966557205786
        },
        {
          "shape": "brick",
          "position_xyz": [
            0.495573894629744,
            -0.11372505829426342,
            0.03
          ],
          "yaw_deg": -3.993966557205786
        },
        {
          "shape": "brick",
          "position_xyz": [
            0.4171612119322776,
            -0.08820151637339245,
            0.03
          ],
          "yaw_deg": -3.993966557205786
        },
        {
          "shape": "brick",
          "position_xyz": [
            0.45706406754530543,
            -0.09098757343057098,
            0.03
          ],
          "yaw_deg": -3.993966557205786
        },
        {
          "shape": "brick",
          "position_xyz": [
            0.49696692315833324,
            -0.09377363048774952,
            0.03
          ],
          "yaw_deg": -3.993966557205786
        },
        {
          "shape": "brick",
          "position_xyz": [
            0.4185542404608669,
            -0.06825008856687854,
            0.03
          ],
          "yaw_deg": -3.993966557205786
        },
        {
          "shape": "brick",
          "position_xyz": [
            0.45845709607389473,
            -0.07103614562405708,
            0.03
          ],
          "yaw_deg": -3.993966557205786
        },
        {
          "shape": "brick",
          "position_xyz": [
            0.49835995168692254,
            -0.07382220268123561,
            0.03
          ],
          "yaw_deg": -3.993966557205786
        }
      ]
    },
    {
      "id": 5,
      "position_xyz": [
        0.2847399785483104,
        -0.33394106425307796,
        -0.015818775520843386
      ],
      "aabb_extent_xyz": [
        0.05180709953717538,
        0.049689023766414986,
        0.01973113414468841
      ],
      "volume_m3": 1.8312535389571276e-05,
      "material": "metal",
      "material_confidence": 0.9912993113199869,
      "unit_type": "discrete",
      "shape": "brick",
      "estimated_count": 1,
      "shape_fit_error": 0.19882657670625692,
      "num_views_used": 3,
      "instances": [
        {
          "shape": "brick",
          "position_xyz": [
            0.29653154745558313,
            -0.3262217683733034,
            0.01
          ],
          "yaw_deg": 117.87300392692435
        }
      ]
    },
    {
      "id": 6,
      "position_xyz": [
        0.44341241010303084,
        -0.35873757935553,
        -0.03281448409094182
      ],
      "aabb_extent_xyz": [
        0.04840044664770177,
        0.08596192251911822,
        0.05647089292044016
      ],
      "volume_m3": 4.877102016306429e-05,
      "material": "metal",
      "material_confidence": 0.9999626874923706,